{
  "resolution_m": 0.05,
  "origin_world_xy": [
    -3.9431042671203613,
    -3.4171574115753174
  ],
  "start_cell": [
    100,
    40
  ],
  "goal_cell": [
    52,
    130
  ],
  "path_cells": [
    [
      100,
      40
    ],
    [
      100,
      41
    ],
    [
      100,
      42
    ],
    [
      100,
      43
    ],
    [
      100,
      44
    ],
    [
      100,
      45
    ],
    [
      100,
      46
    ],
    [
      100,
      47
    ],
    [
      100,
      48
    ],
    [
      100,
      49
    ],
    [
      100,
      50
    ],
    [
      100,
      51
    ],
    [
      100,
      52
    ],
    [
      100,
      53
    ],
    [
      100,
      54
    ],
    [
      100,
      55
    ],
    [
      100,
      56
    ],
    [
      100,
      57
    ],
    [
      100,
      58
    ],
    [
      100,
      59
    ],
    [
      100,
      60
    ],
    [
      100,
      61
    ],
    [
      100,
      62
    ],
    [
      100,
      63
    ],
    [
      99,
      63
    ],
    [
      98,
      63
    ],
    [
      97,
      63
    ],
    [
      96,
      63
    ],
    [
      95,
      63
    ],
    [
      94,
      63
    ],
    [
      93,
      63
    ],
    [
      92,
      63
    ],
    [
      91,
      63
    ],
    [
      90,
      63
    ],
    [
      89,
      63
    ],
    [
      88,
      63
    ],
    [
      87,
      63
    ],
    [
      86,
      63
    ],
    [
      85,
      63
    ],
    [
      84,
      63
    ],
    [
      83,
      63
    ],
    [
      82,
      63
    ],
    [
      81,
      63
    ],
    [
      81,
      64
    ],
    [
      81,
      65
    ],
    [
      81,
      66
    ],
    [
      81,
      67
    ],
    [
      81,
      68
    ],
    [
      81,
      69
    ],
    [
      81,
      70
    ],
    [
      81,
      71
    ],
    [
      81,
      72
    ],
    [
      81,
      73
    ],
    [
      81,
      74
    ],
    [
      81,
      75
    ],
    [
      81,
      76
    ],
    [
      81,
      77
    ],
    [
      81,
      78
    ],
    [
      81,
      79
    ],
    [
      81,
      80
    ],
    [
      81,
      81
    ],
    [
      81,
      82
    ],
    [
      81,
      83
    ],
    [
      81,
      84
    ],
    [
      81,
      85
    ],
    [
      81,
      86
    ],
    [
      81,
      87
    ],
    [
      81,
      88
    ],
    [
      81,
      89
    ],
    [
      81,
      90
    ],
    [
      81,
      91
    ],
    [
      81,
      92
    ],
    [
      81,
      93
    ],
    [
      81,
      94
    ],
    [
      81,
      95
    ],
    [
      81,
      96
    ],
    [
      81,
      97
    ],
    [
      81,
      98
    ],
    [
      81,
      99
    ],
    [
      81,
      100
    ],
    [
      81,
      101
    ],
    [
      81,
      102
    ],
    [
      81,
      103
    ],
    [
      81,
      104
    ],
    [
      81,
      105
    ],
    [
      81,
      106
    ],
    [
      81,
      107
    ],
    [
      81,
      108
    ],
    [
      81,
      109
    ],
    [
      81,
      110
    ],
    [
      81,
      111
    ],
    [
      81,
      112
    ],
    [
      81,
      113
    ],
    [
      81,
      114
    ],
    [
      81,
      115
    ],
    [
      81,
      116
    ],
    [
      81,
      117
    ],
    [
      81,
      118
    ],
    [
      81,
      119
    ],
    [
      81,
      120
    ],
    [
      81,
      121
    ],
    [
      81,
      122
    ],
    [
      81,
      123
    ],
    [
      81,
      124
    ],
    [
      81,
      125
    ],
    [
      81,
      126
    ],
    [
      81,
      127
    ],
    [
      81,
      128
    ],
    [
      81,
      129
    ],
    [
      81,
      130
    ],
    [
      80,
      130
    ],
    [
      79,
      130
    ],
    [
      78,
      130
    ],
    [
      77,
      130
    ],
    [
      76,
      130
    ],
    [
      75,
      130
    ],
    [
      74,
      130
    ],
    [
      73,
      130
    ],
    [
      72,
      130
    ],
    [
      71,
      130
    ],
    [
      70,
      130
    ],
    [
      69,
      130
    ],
    [
      68,
      130
    ],
    [
      67,
      130
    ],
    [
      66,
      130
    ],
    [
      65,
      130
    ],
    [
      64,
      130
    ],
    [
      63,
      130
    ],
    [
      62,
      130
    ],
    [
      61,
      130
    ],
    [
      60,
      130
    ],
    [
      59,
      130
    ],
    [
      58,
      130
    ],
    [
      57,
      130
    ],
    [
      56,
      130
    ],
    [
      55,
      130
    ],
    [
      54,
      130
    ],
    [
      53,
      130
    ],
    [
      52,
      130
    ]
  ],
  "path_cells_simplified": [
    [
      100,
      40
    ],
    [
      100,
      63
    ],
    [
      81,
      63
    ],
    [
      81,
      130
    ],
    [
      52,
      130
    ]
  ],
  "actions": [
    {
      "type": "move",
      "meters": 1.1500000000000001,
      "dir": "N"
    },
    {
      "type": "turn",
      "dir": "left"
    },
    {
      "type": "move",
      "meters": 0.9500000000000001,
      "dir": "W"
    },
    {
      "type": "turn",
      "dir": "right"
    },
    {
      "type": "move",
      "meters": 3.35,
      "dir": "N"
    },
    {
      "type": "turn",
      "dir": "left"
    },
    {
      "type": "move",
      "meters": 1.4500000000000002,
      "dir": "W"
    }
  ]
}